segment,month,median_price_usd,median_usd_per_gb,product_count
ddr5,2022-06,271.10,6.9916,10
ddr5,2022-07,319.99,6.7344,11
ddr5,2022-08,238.66,6.5594,10
ddr5,2022-09,246.05,7.2984,16
ddr5,2022-10,257.49,7.3050,18
ddr5,2022-11,219.99,6.2025,19
ddr5,2022-12,202.33,6.1912,22
ddr5,2023-01,179.99,5.3070,26
ddr5,2023-02,157.49,4.8434,26
ddr5,2023-03,145.99,4.5934,29
ddr5,2023-04,139.99,4.2493,31
ddr5,2023-05,129.99,3.9452,31
ddr5,2023-06,119.99,3.5350,32
ddr5,2023-07,121.34,3.4373,38
ddr5,2023-08,113.26,3.3396,36
ddr5,2023-09,103.35,3.3072,30
ddr5,2023-10,113.41,3.2809,42
ddr5,2023-11,111.38,3.2888,34
ddr5,2023-12,115.99,3.3994,41
ddr5,2024-01,121.62,3.5936,35
ddr5,2024-02,123.61,3.5934,36
ddr5,2024-03,124.15,3.6205,42
ddr5,2024-04,119.43,3.5728,42
ddr5,2024-05,116.49,3.4606,46
ddr5,2024-06,115.00,3.5050,43
ddr5,2024-07,113.59,3.3983,42
ddr5,2024-08,102.57,3.2132,42
ddr5,2024-09,109.99,3.1881,47
ddr5,2024-10,109.03,3.2497,49
ddr5,2024-11,102.49,3.0931,45
ddr5,2024-12,112.49,3.2811,45
ddr5,2025-01,106.59,3.2184,48
ddr5,2025-02,99.99,3.0389,58
ddr5,2025-03,112.36,3.0584,50
ddr5,2025-04,111.99,3.1850,62
ddr5,2025-05,102.24,3.1248,54
ddr5,2025-06,114.33,3.3202,53
ddr5,2025-07,118.74,3.1559,54
ddr5,2025-08,119.99,3.4295,57
ddr5,2025-09,127.49,3.5507,62
ddr5,2025-10,164.99,4.7244,66
ddr5,2025-11,267.49,7.9545,64
ddr5,2025-12,438.99,11.8119,63
ddr5,2026-01,440.24,13.2652,62
ddr5,2026-02,499.99,13.7346,66
ddr5,2026-03,479.99,14.3438,69
ddr5,2026-04,472.35,14.4528,75
ddr5,2026-05,479.99,14.7028,74
ddr5,2026-06,477.48,14.7005,78
ddr5,2026-07,478.12,15.1559,84
ddr5,2026-08,498.49,15.7028,82
ddr4,2019-11,86.49,4.1630,14
ddr4,2019-12,90.24,4.3370,14
ddr4,2020-01,92.24,4.6223,12
ddr4,2020-02,94.74,4.6869,14
ddr4,2020-03,79.13,4.5619,15
ddr4,2020-04,84.90,5.0934,13
ddr4,2020-05,81.74,4.7055,12
ddr4,2020-06,85.99,4.4448,10
ddr4,2020-07,92.48,4.2184,15
ddr4,2020-08,89.99,4.0622,15
ddr4,2020-09,89.59,3.8275,16
ddr4,2020-10,80.85,3.8431,16
ddr4,2020-11,89.12,3.9528,16
ddr4,2020-12,99.82,4.3744,15
ddr4,2021-01,79.99,4.6247,21
ddr4,2021-02,106.44,5.2656,23
ddr4,2021-03,104.62,5.5152,24
ddr4,2021-04,101.47,5.8589,16
ddr4,2021-05,151.99,5.4453,19
ddr4,2021-06,124.45,5.2602,20
ddr4,2021-07,91.39,5.0230,20
ddr4,2021-08,83.25,4.8434,19
ddr4,2021-09,104.74,4.4763,22
ddr4,2021-10,86.29,4.4030,24
ddr4,2021-11,87.00,4.2031,23
ddr4,2021-12,76.12,4.0898,24
ddr4,2022-01,82.21,4.0692,18
ddr4,2022-02,80.49,4.2535,18
ddr4,2022-03,73.13,4.3744,17
ddr4,2022-04,107.49,4.0619,18
ddr4,2022-05,95.49,3.9059,21
ddr4,2022-06,81.49,3.7266,23
ddr4,2022-07,89.99,3.5156,21
ddr4,2022-08,78.99,3.3906,19
ddr4,2022-09,61.93,3.5211,18
ddr4,2022-10,67.30,3.3906,23
ddr4,2022-11,61.06,3.2344,25
ddr4,2022-12,54.75,3.0934,25
ddr4,2023-01,54.15,2.9531,23
ddr4,2023-02,64.49,2.5308,20
ddr4,2023-03,59.49,2.5933,24
ddr4,2023-04,49.06,2.3564,24
ddr4,2023-05,49.27,2.4511,26
ddr4,2023-06,48.67,2.4338,24
ddr4,2023-07,48.72,2.3953,25
ddr4,2023-08,48.57,2.2525,25
ddr4,2023-09,47.99,2.3719,23
ddr4,2023-10,48.56,2.3563,27
ddr4,2023-11,49.88,2.4019,25
ddr4,2023-12,47.43,2.3547,27
ddr4,2024-01,50.49,2.2809,17
ddr4,2024-02,54.49,2.2745,16
ddr4,2024-03,44.99,2.3281,15
ddr4,2024-04,53.99,2.2494,19
ddr4,2024-05,46.22,2.1247,19
ddr4,2024-06,47.41,2.3434,25
ddr4,2024-07,47.37,2.1325,19
ddr4,2024-08,46.23,2.1714,24
ddr4,2024-09,47.72,1.9852,24
ddr4,2024-10,44.99,1.9838,28
ddr4,2024-11,42.99,1.8907,20
ddr4,2024-12,36.99,1.7494,15
ddr4,2025-01,38.24,1.9138,21
ddr4,2025-02,42.99,1.7650,21
ddr4,2025-03,44.99,1.4544,11
ddr4,2025-04,39.99,1.7494,17
ddr4,2025-05,44.99,1.7105,22
ddr4,2025-06,43.03,2.0728,28
ddr4,2025-07,51.34,2.3803,22
ddr4,2025-08,53.49,2.6784,23
ddr4,2025-09,58.99,2.5934,27
ddr4,2025-10,74.84,3.6714,28
ddr4,2025-11,93.66,5.1244,28
ddr4,2025-12,119.99,6.0153,31
ddr4,2026-01,142.49,7.0606,29
ddr4,2026-02,167.49,7.7261,28
ddr4,2026-03,178.49,8.0744,28
ddr4,2026-04,203.99,7.9953,27
ddr4,2026-05,169.98,7.8106,25
ddr4,2026-06,144.99,7.2919,31
ddr4,2026-07,157.26,6.8744,35
ddr4,2026-08,157.26,6.8609,35
nvme_ssd,2022-08,149.74,0.1238,10
nvme_ssd,2022-09,134.99,0.1074,11
nvme_ssd,2022-10,138.06,0.1123,10
nvme_ssd,2022-11,169.99,0.1194,16
nvme_ssd,2022-12,129.19,0.1001,14
nvme_ssd,2023-01,134.99,0.0903,15
nvme_ssd,2023-02,138.49,0.0868,16
nvme_ssd,2023-03,154.75,0.0835,16
nvme_ssd,2023-04,134.99,0.0879,19
nvme_ssd,2023-05,125.99,0.0806,21
nvme_ssd,2023-06,124.99,0.0776,18
nvme_ssd,2023-07,109.99,0.0654,23
nvme_ssd,2023-08,102.74,0.0614,24
nvme_ssd,2023-09,109.92,0.0660,24
nvme_ssd,2023-10,119.99,0.0696,29
nvme_ssd,2023-11,115.00,0.0732,30
nvme_ssd,2023-12,119.99,0.0781,33
nvme_ssd,2024-01,123.99,0.0830,35
nvme_ssd,2024-02,140.31,0.0821,33
nvme_ssd,2024-03,134.42,0.0798,34
nvme_ssd,2024-04,130.00,0.0810,31
nvme_ssd,2024-05,124.93,0.0806,35
nvme_ssd,2024-06,137.41,0.0855,36
nvme_ssd,2024-07,129.99,0.0781,38
nvme_ssd,2024-08,138.24,0.0785,43
nvme_ssd,2024-09,128.99,0.0776,45
nvme_ssd,2024-10,134.99,0.0757,49
nvme_ssd,2024-11,132.34,0.0752,47
nvme_ssd,2024-12,132.99,0.0781,53
nvme_ssd,2025-01,134.99,0.0812,46
nvme_ssd,2025-02,132.99,0.0745,47
nvme_ssd,2025-03,146.97,0.0763,51
nvme_ssd,2025-04,149.99,0.0763,57
nvme_ssd,2025-05,139.99,0.0741,53
nvme_ssd,2025-06,129.55,0.0732,59
nvme_ssd,2025-07,129.99,0.0719,60
nvme_ssd,2025-08,129.99,0.0732,59
nvme_ssd,2025-09,122.99,0.0684,63
nvme_ssd,2025-10,135.99,0.0732,71
nvme_ssd,2025-11,147.16,0.0850,73
nvme_ssd,2025-12,195.07,0.1138,76
nvme_ssd,2026-01,237.00,0.1465,77
nvme_ssd,2026-02,286.97,0.1644,78
nvme_ssd,2026-03,289.99,0.1709,76
nvme_ssd,2026-04,349.99,0.1926,71
nvme_ssd,2026-05,325.76,0.1735,74
nvme_ssd,2026-06,279.99,0.1727,69
nvme_ssd,2026-07,277.98,0.1650,82
nvme_ssd,2026-08,287.98,0.1660,81
sata_ssd,2021-07,203.30,0.1709,13
sata_ssd,2021-08,184.65,0.1733,12
sata_ssd,2021-09,181.52,0.1847,11
sata_ssd,2021-10,170.43,0.1562,13
sata_ssd,2021-11,185.16,0.1381,12
sata_ssd,2021-12,179.99,0.1269,13
sata_ssd,2022-01,193.51,0.1400,13
sata_ssd,2022-02,186.43,0.1266,14
sata_ssd,2022-03,189.51,0.1360,13
sata_ssd,2022-04,198.37,0.1192,12
sata_ssd,2022-05,204.50,0.1198,10
sata_ssd,2022-06,174.99,0.1042,14
sata_ssd,2022-07,149.99,0.1095,14
sata_ssd,2022-08,142.49,0.1017,14
sata_ssd,2022-09,156.81,0.1018,14
sata_ssd,2022-10,134.28,0.1010,16
sata_ssd,2022-11,110.99,0.0980,15
sata_ssd,2022-12,117.51,0.0905,13
sata_ssd,2023-01,109.72,0.0902,16
sata_ssd,2023-02,106.43,0.0951,14
sata_ssd,2023-03,92.00,0.0898,15
sata_ssd,2023-04,87.30,0.0671,17
sata_ssd,2023-05,74.37,0.0638,18
sata_ssd,2023-06,70.74,0.0537,20
sata_ssd,2023-07,65.97,0.0536,22
sata_ssd,2023-08,63.99,0.0534,21
sata_ssd,2023-09,67.49,0.0635,20
sata_ssd,2023-10,67.99,0.0566,20
sata_ssd,2023-11,77.21,0.0578,20
sata_ssd,2023-12,88.14,0.0604,24
sata_ssd,2024-01,104.92,0.0720,24
sata_ssd,2024-02,105.99,0.0684,23
sata_ssd,2024-03,109.99,0.0701,22
sata_ssd,2024-04,101.99,0.0823,19
sata_ssd,2024-05,104.44,0.0817,23
sata_ssd,2024-06,106.97,0.0860,22
sata_ssd,2024-07,105.88,0.0793,23
sata_ssd,2024-08,99.99,0.0779,23
sata_ssd,2024-09,99.99,0.0758,21
sata_ssd,2024-10,102.49,0.0796,20
sata_ssd,2024-11,99.99,0.0868,19
sata_ssd,2024-12,99.57,0.0913,21
sata_ssd,2025-01,98.81,0.0965,18
sata_ssd,2025-02,97.34,0.0708,19
sata_ssd,2025-03,96.95,0.0687,22
sata_ssd,2025-04,100.99,0.0635,23
sata_ssd,2025-05,102.25,0.0791,25
sata_ssd,2025-06,104.49,0.0830,27
sata_ssd,2025-07,99.51,0.0907,25
sata_ssd,2025-08,94.99,0.0830,25
sata_ssd,2025-09,97.49,0.0841,27
sata_ssd,2025-10,104.99,0.0746,29
sata_ssd,2025-11,122.00,0.0855,28
sata_ssd,2025-12,169.00,0.1007,31
sata_ssd,2026-01,209.97,0.1248,31
sata_ssd,2026-02,215.49,0.1694,30
sata_ssd,2026-03,221.58,0.1758,28
sata_ssd,2026-04,234.50,0.2334,27
sata_ssd,2026-05,261.25,0.2243,29
sata_ssd,2026-06,229.46,0.2077,30
sata_ssd,2026-07,229.41,0.1587,34
sata_ssd,2026-08,232.49,0.1587,34
